{"name":"e98f97bf-809d-4098-863a-bc3f99cbeda4","id":"/providers/Microsoft.Flow/flows/e98f97bf-809d-4098-863a-bc3f99cbeda4","type":"Microsoft.Flow/flows","properties":{"apiId":"/providers/Microsoft.PowerApps/apis/shared_logicflows","displayName":"Post list items to twitter","definition":{"metadata":{"workflowEntityId":null,"flowclientsuspensionreason":"None","flowclientsuspensiontime":null,"creator":{"id":"0b035698-75bf-49f3-bde6-663692572154","type":"User","tenantId":"dd48584c-8cdf-4c40-a96d-ae4837c617b1"},"provisioningMethod":"FromDefinition","failureAlertSubscription":true,"clientLastModifiedTime":"2020-08-11T08:06:37.4537819Z"},"$schema":"https://schema.management.azure.com/providers/Microsoft.Logic/schemas/2016-06-01/workflowdefinition.json#","contentVersion":"1.0.0.0","parameters":{"$connections":{"defaultValue":{},"type":"Object"},"$authentication":{"defaultValue":{},"type":"SecureObject"}},"triggers":{"When_a_new_item_is_created":{"recurrence":{"frequency":"Minute","interval":5},"splitOn":"@triggerBody()?.value","metadata":{"flowSystemMetadata":{"swaggerOperationId":"GetOnNewItems"}},"type":"ApiConnection","inputs":{"host":{"connection":{"name":"@parameters('$connections')['shared_sharepointonline']['connectionId']"},"api":{"runtimeUrl":"https://india-001.azure-apim.net/apim/sharepointonline"}},"method":"get","path":"/datasets/@{encodeURIComponent(encodeURIComponent('https://crmworks73.sharepoint.com/sites/Vibs'))}/tables/@{encodeURIComponent(encodeURIComponent('TwitterPost'))}/onnewitems","authentication":"@parameters('$authentication')"}}},"actions":{"Post_a_tweet":{"runAfter":{"Apply_to_each_2":["Succeeded"]},"metadata":{"flowSystemMetadata":{"swaggerOperationId":"Tweet"}},"type":"ApiConnection","inputs":{"host":{"connection":{"name":"@parameters('$connections')['shared_twitter']['connectionId']"},"api":{"runtimeUrl":"https://india-001.azure-apim.net/apim/twitter"}},"method":"post","body":"@variables('attachmentContent')","path":"/posttweet","queries":{"tweetText":"@{triggerBody()?['Title']} "},"authentication":"@parameters('$authentication')"}},"Get_attachments":{"runAfter":{"Initialize_variable":["Succeeded"]},"metadata":{"flowSystemMetadata":{"swaggerOperationId":"GetItemAttachments"}},"type":"ApiConnection","inputs":{"host":{"connection":{"name":"@parameters('$connections')['shared_sharepointonline']['connectionId']"},"api":{"runtimeUrl":"https://india-001.azure-apim.net/apim/sharepointonline"}},"method":"get","path":"/datasets/@{encodeURIComponent(encodeURIComponent('https://crmworks73.sharepoint.com/sites/Vibs'))}/tables/@{encodeURIComponent(encodeURIComponent('31821434-4a14-4e9b-9cd4-51a5513cbf9e'))}/items/@{encodeURIComponent(encodeURIComponent(triggerBody()?['ID']))}/attachments","authentication":"@parameters('$authentication')"}},"Apply_to_each_2":{"foreach":"@body('Get_attachments')","actions":{"Get_file_content_using_path":{"runAfter":{},"metadata":{"flowSystemMetadata":{"swaggerOperationId":"GetFileContentByPath"}},"type":"ApiConnection","inputs":{"host":{"connection":{"name":"@parameters('$connections')['shared_sharepointonline']['connectionId']"},"api":{"runtimeUrl":"https://india-001.azure-apim.net/apim/sharepointonline"}},"method":"get","path":"/datasets/@{encodeURIComponent(encodeURIComponent('https://crmworks73.sharepoint.com/sites/Vibs'))}/GetFileContentByPath","queries":{"path":"@items('Apply_to_each_2')?['AbsoluteUri']","queryParametersSingleEncoded":true,"inferContentType":true},"authentication":"@parameters('$authentication')"}},"Set_variable":{"runAfter":{"Get_file_content_using_path":["Succeeded"]},"type":"SetVariable","inputs":{"name":"attachmentContent","value":"@body('Get_file_content_using_path')"}}},"runAfter":{"Get_attachments":["Succeeded"]},"type":"Foreach"},"Initialize_variable":{"runAfter":{},"type":"InitializeVariable","inputs":{"variables":[{"name":"attachmentContent","type":"object","value":null}]}}},"outputs":{},"description":"Post a List Item from SharePoint on Twitter. If you have an attachment, it will appear as media in the Twitter Post"},"connectionReferences":{"shared_twitter":{"connectionName":"shared-twitter-d6013797-4235-453a-920e-bf8174c77ae5","source":"Embedded","id":"/providers/Microsoft.PowerApps/apis/shared_twitter","tier":"NotSpecified"},"shared_sharepointonline":{"connectionName":"shared-sharepointonl-21f1f0bc-cd42-4f03-b97d-56593f662d80","source":"Embedded","id":"/providers/Microsoft.PowerApps/apis/shared_sharepointonline","tier":"NotSpecified"}},"flowFailureAlertSubscribed":false}}